[
    {
        "title": "Algorithms to Live By", 
        "author": "Brian Christian, Tom Griffiths", 
        "imageUrl": "/img/algorithms-to-live-by.jpg", 
        "language": "English", 
        "snippet": "They explain how to have better hunches and when to leave things to chance, how to deal with overwhelming choices and how best to connect with others."
    }, 
    {
        "title": "???", 
        "author": "????", 
        "imageUrl": "/img/im-a-cat.jpg", 
        "language": "Chinese", 
        "snippet": "???????????????????????????????????????"
    }, 
    {
        "title": "The Book Thief", 
        "author": "Markus Zusak", 
        "imageUrl": "/img/the-book-thief.jpg", 
        "language": "English", 
        "snippet": "The country is holding its breath. Death has never been busier, and will be busier still."
    }, 
    {
        "title": "The Interlligent Investor", 
        "author": "Benjamin Graham", 
        "imageUrl": "/img/the-intelligent-investor.jpg", 
        "language": "English", 
        "snippet": "It is the most important book you will ever read on making the right decisions to protect your investments and make them a success."
    }
]
